collection,name
designations,Administrative Aide I
designations,Planning Officer II
designations,Nurse II
designations,Midwife II
designations,Medical Officer III
designations,Engineer III
designations,Engineer II
designations,Engineer I
designations,Director IV
designations,Development Management Officer II
designations,Dentist I
designations,Community Development Officer III
designations,Community Affairs Officer II
designations,Community Affairs Officer I
designations,Chief Administrative Officer
designations,Attorney IV
designations,Administrative Officer V
designations,Administrative Officer III (Cashier)
designations,Administrative Aide III
designations,Administrative Aide IV
designations,Administrative Aide VI
designations,Tribal Affairs Assistant I
designations,Administrative Assistant II
designations,Tribal Affairs Assistant II
designations,Administrative Officer III
designations,Administrative Officer III (Records)
designations,Administrative Officer III (Supply)
designations,Administrative Officer III (HR)
divisions,Rizal Community Service Center
divisions,Technical Management Service Division
divisions,Administrative and Finance Services Division
divisions,Office of the Regional Director
divisions,Catanauan Community Service Center
divisions,Quezon Provincial Office
